{
	"name": "msiliconWall",//名字
	"description": "1",//介绍
	"details":"2"
	"type": "Wall",//类型
	"health":700,//血量
	"size":1 ,//边长
	"squareSprite": false,
	"requirements": [
	   {"item":"copper","amount":3}//建造消耗
	   {"item":"msilicon","amount":10}
	],
	"category": "defense",//不能改
    "absorbLasers":true,//吸收激光（塑钢墙同款）
    "deflect": true,//反弹子弹
    "chanceDeflect":20,//反弹概率（1=1%）
    "lightningChance":0//放电概率（1=100%）
    "lightningDamage":7//闪电伤害
    "lightningLength":8//闪电长度（1=?格）
    "hasShadow":true
"research": {
        "parent":"Acore"
        "requirements": [
        {"item":"copper","amount":20}
        {"item":"msilicon","amount":50}
        ]
             }
}