{
	"type": "flying",/*种类 */
	"name": "pause",/*名称，它叫什么名字！ */
	"description": "1145",//描述，简介！
    "speed": 5,/*速度 */
    "outlineColor": "3B4145",
	"flying": true,/*能否飞行，true为能飞 */
	"turnCursor":false,/*转动光标 */
	"engineOffset": -0.5,/*发动机偏移 */
	"engineSize": 2,/*发动机大小 */
    "hitSize": 7,/*被击中大小，你的大小 */
    "targetAir":"true",/*目标航空 */
    "health": 100,/*血量 */
    "mineSpeed": 4,/*挖矿速度 1=100% */
    "mineTier": 10,/*挖矿等级，你可以挖什么矿 */
    "buildSpeed":1.2 ,/*构建速度 1=100%*/
    "lowAltitude": false, // 低空飞行
    "drag": 0.03, // 移动阻力
    "accel": 0.06, // 加速度
    "rotateSpeed": 10,/*转速，旋转的速度 */
    "itemCapacity": 50,/*容量，字面意思 */
    "commandLimit": 20,/*命令限制，能让多少单位跟着你！ */
    "rotateShooting": "true",/*旋转射击，是否旋转射击 */
    "abilities": [/*能力（如力场防御等） */
        {
    "type":"ForceFieldAbility",/*类型:力场能力 */
    "radius": 25,/*半径大小，按8/格算！ */
    "regen": 0.7,/*再生，力场回血的速度，别过高！ */
    "max": 1700,/*力场血量上限 */
    "cooldown": 30,}/*冷却时间，力场打没了之后重新出现的时间 */
    ],/*如果不用可以删除！别告诉我删都不会删！ */
    	"weapons":
    [ 
	{
    "type": "RepairBeamWeapon", // 修复光束武器
    "repairSpeed": 0.5, // 修复速度
    "mirror": true // 不镜像
    }
    ]
}