{
  "type": "ItemTurret",
  "name": "单位发射器",
  "description": "发射单位的炮台（使用spawnUnit）",
  "size": 2,
  "health": 500,
  "range": 240,
  "reload": 60,
  "rotateSpeed": 5,
  "shootSound": "shoot",
  "targetAir": true,
  "targetGround": true,
  
  "ammoTypes": {
    "titanium": {
      // 使用 MissileBulletType
      "type": "MissileBulletType",
      
      // ⚠️ 关键：子弹消失时生成单位
      "spawnUnit": "flare",
      
      // 子弹基本属性
      "speed": 4,
      "lifetime": 30,
      "width": 8,
      "height": 8,
      "damage": 0,
      
      // 视觉效果
      "frontColor": "FFD700",
      "backColor": "FFA500",
      "trailColor": "FFD700",
      "hitEffect": "none",
      "despawnEffect": "none",
      
      // 可选：让子弹命中时也生成单位
      "despawnUnit": "flare"
    }
  },
  
  "requirements": [
    {"item": "copper", "amount": 30},
    {"item": "lead", "amount": 20}
  ],
  "category": "turret",
  "research": {
    "parent": "duo"
  }
}