{
  "type": "ItemTurret",
  "name": "aurora",
  "description": "极速旋转的近防炮，以超高射速倾泻能量弹幕，编织出一道无法逾越的光幕。",
  "size": 3,
  "health": 680,
  "ammoPerShot": 1,
  "range": 240,
  "reload": 4,
  "inaccuracy": 3,
  "ammoUseEffect": "casing3Double",
  "rotateSpeed": 20,
  "maxAmmo": 120,
  "recoilTime": 2,
  "recoil": 0.5,
  "shootSound": "laser",
  "targetAir": true,
  "targetGround": true,
  "coolantMultiplier": 4,
  "heatColor": "B0C4FF",  // 蓝紫色调
  
  "drawer": {
    "type": "DrawTurret",
    "parts": [
      {
        "type": "RegionPart",
        "mirror": false,
        "x": 0,
        "y": 0,
        "suffix": "-base",
        "layer": 50
      },
      {
        "type": "RegionPart",
        "mirror": false,
        "x": 0,
        "y": 2,
        "suffix": "-barrel",
        "layer": 52,
        "moveX": 0.8,
        "moveY": -1.2,
        "heatColor": "B0C4FF",
        "heatProgress": "reload"
      },
      {
        "type": "RegionPart",
        "mirror": true,
        "x": 3,
        "y": 0,
        "suffix": "-wing",
        "layer": 51,
        "mirrorSuffix": "-wing-mirror",
        "rotateSpeed": 2.5,
        "rotationOffset": 15
      }
    ]
  },
  
  "consumes": {
    "coolant": {
      "amount": 0.15,
      "optional": true
    }
  },

  "shoot": {
    "type": "ShootAlternate",
    "shots": 3,
    "shotDelay": 1,
    "barrels": 2,
    "spread": 5
  },

  "ammoTypes": {
    "titanium": {
      "type": "BasicBulletType",
      "reloadMultiplier": 1,
      "speed": 10,
      "damage": 18,
      "knockback": 0.3,
      "lifetime": 24,
      "width": 7,
      "height": 13,
      "ammoMultiplier": 4,
      
      "shootEffect": {
        "type": "MultiEffect",
        "effects": [
          {
            "type": "WrapEffect",
            "effect": "shootSmall",
            "color": "B0C4FF"  // 浅蓝紫色
          },
          {
            "type": "ParticleEffect",
            "line": true,
            "particles": 3,
            "sizeFrom": 1.5,
            "sizeTo": 3,
            "colorFrom": "B0C4FF",  // 浅蓝紫色
            "colorTo": "FFFFFF",
            "cone": 15,
            "length": 8
          }
        ]
      },
      
      "smokeEffect": {
        "type": "ParticleEffect",
        "particles": 2,
        "sizeFrom": 1,
        "sizeTo": 2,
        "colorFrom": "B0C4FF",  // 浅蓝紫色
        "colorTo": "8A9FE0",     // 稍深一点的蓝紫
        "cone": 360,
        "length": 2,
        "lifetime": 8
      },
      
      "frontColor": "B0C4FF",     // 浅蓝紫色
      "backColor": "8A9FE0",      // 稍深蓝紫
      "hitEffect": {
        "type": "MultiEffect",
        "effects": [
          {
            "type": "WrapEffect",
            "effect": "hitBulletColor",
            "color": "B0C4FF"  // 浅蓝紫色
          },
          {
            "type": "ParticleEffect",
            "particles": 5,
            "sizeFrom": 2,
            "sizeTo": 0,
            "colorFrom": "B0C4FF",  // 浅蓝紫色
            "colorTo": "FFFFFF",
            "cone": 360,
            "length": 4
          }
        ]
      },
      
      "trailEffect": {
        "type": "ParticleEffect",
        "particles": 1,
        "sizeFrom": 1.2,
        "sizeTo": 0,
        "colorFrom": "B0C4FF",  // 浅蓝紫色
        "colorTo": "9AB0E8",     // 中蓝紫
        "cone": 0,
        "length": 0,
        "lifetime": 3
      },
      "trailColor": "B0C4FF",    // 浅蓝紫色
      "trailWidth": 1.5,
      "trailLength": 8,
      
      "lightColor": "B0C4FF",    // 浅蓝紫色
      "lightRadius": 45,
      "lightOpacity": 0.8,
      
      "despawnEffect": {
        "type": "ParticleEffect",
        "particles": 4,
        "sizeFrom": 2,
        "sizeTo": 0,
        "colorFrom": "B0C4FF",  // 浅蓝紫色
        "colorTo": "E0E8FF",     // 极浅蓝紫
        "cone": 360,
        "length": 3
      },
      
      "status": "shocked",
      "statusDuration": 30
    },
    
    "silicon": {
      "type": "BasicBulletType",
      "reloadMultiplier": 0.8,
      "speed": 12,
      "damage": 22,
      "knockback": 0.4,
      "lifetime": 20,
      "width": 8,
      "height": 14,
      "ammoMultiplier": 5,
      
      "shootEffect": {
        "type": "MultiEffect",
        "effects": [
          {
            "type": "WrapEffect",
            "effect": "shootSmall",
            "color": "C080FF"  // 纯紫色（比钛弹更紫）
          },
          {
            "type": "ParticleEffect",
            "line": true,
            "particles": 3,
            "sizeFrom": 1.5,
            "sizeTo": 3,
            "colorFrom": "C080FF",  // 纯紫色
            "colorTo": "FFFFFF",
            "cone": 15,
            "length": 8
          }
        ]
      },
      
      "smokeEffect": {
        "type": "ParticleEffect",
        "particles": 2,
        "sizeFrom": 1,
        "sizeTo": 2,
        "colorFrom": "C080FF",  // 纯紫色
        "colorTo": "A050E0",     // 深紫色
        "cone": 360,
        "length": 2,
        "lifetime": 8
      },
      
      "frontColor": "C080FF",     // 纯紫色
      "backColor": "A050E0",      // 深紫色
      "hitEffect": {
        "type": "MultiEffect",
        "effects": [
          {
            "type": "WrapEffect",
            "effect": "hitBulletColor",
            "color": "C080FF"  // 纯紫色
          },
          {
            "type": "ParticleEffect",
            "particles": 5,
            "sizeFrom": 2,
            "sizeTo": 0,
            "colorFrom": "C080FF",  // 纯紫色
            "colorTo": "FFFFFF",
            "cone": 360,
            "length": 4
          }
        ]
      },
      
      // 与钛弹相同的拖痕效果，但颜色为紫色
      "trailEffect": {
        "type": "ParticleEffect",
        "particles": 1,
        "sizeFrom": 1.2,
        "sizeTo": 0,
        "colorFrom": "C080FF",  // 纯紫色
        "colorTo": "B060F0",     // 中紫
        "cone": 0,
        "length": 0,
        "lifetime": 3
      },
      "trailColor": "C080FF",    // 纯紫色
      "trailWidth": 1.5,
      "trailLength": 8,
      
      "lightColor": "C080FF",    // 纯紫色
      "lightRadius": 45,
      "lightOpacity": 0.8,
      
      "despawnEffect": {
        "type": "ParticleEffect",
        "particles": 4,
        "sizeFrom": 2,
        "sizeTo": 0,
        "colorFrom": "C080FF",  // 纯紫色
        "colorTo": "E0C0FF",     // 浅紫
        "cone": 360,
        "length": 3
      },
      
      "status": "electrified",
      "statusDuration": 30
    }
  },

  "requirements": [
    {"item": "copper", "amount": 65},
    {"item": "lead", "amount": 55},
    {"item": "titanium", "amount": 45},
    {"item": "silicon", "amount": 40}
  ],

  "category": "turret",
  "research": {
    "parent": "glow",
    "objectives": [
      "scorch",
      "hail"
    ],
    "requirements": [
      {"item": "copper", "amount": 300},
      {"item": "titanium", "amount": 200},
      {"item": "silicon", "amount": 150}
    ]
  }
}