{
  // 定义实体类型为什么
  "type": "ItemTurret",
  // 炮塔名称
  "name": "glow",
  // 炮塔描述文本
  "description": "神秘的贴图",
  // 炮塔占地尺寸为多少
  "size": 4,
  // 炮塔生命值为多少
  "health": 700,
  // 每次射击消耗多少发弹药
  "ammoPerShot": 1,
  // 炮塔攻击范围为多少单位10=1格
  "range": 300,
  // 炮塔装填时间为多少帧
  "reload": 1,
  // 射击散布为多少度
  "inaccuracy": 1,
  // 射击时使用的弹壳特效
  "ammoUseEffect": "casing2",
  // 炮塔旋转速度
  "rotatespeed": 5,
  // 炮塔最大弹药容量
  "maxAmmo": 50,
  "recoilTime": 3,//后坐力恢复时间
  "recoil": 1,
  "shootSound": "shootBig",//子弹音效
  // 是否可以攻击空中单位
  "targetAir": true,
  // 是否可以攻击地面单位
  "targetGround": true,
  // 冷却剂效率乘数为2倍
  "coolantMultiplier": 3,
  // 过热时显示的颜色
  "heatColor": "#FF0000",
  // 炮塔绘制配置
  "drawer": {
    // 使用炮塔绘制器
    "type": "DrawTurret",
    // 部件列表
/*    "parts": [
      {
        // 部件类型为区域部件
        "type": "RegionPart",
        // 不进行镜像翻转
        "mirror": false,
        // 部件中心X坐标偏移
        "x": 0,
        // 部件中心Y坐标偏移
        "y": 0,
        // 使用名称后缀"-顶"来寻找对应纹理
        "suffix": "-1",
        // 绘制层级为51
        "layer": 51,
        // 射击时X轴移动偏移
        "moveX": 0,
        // 射击时Y轴移动偏移（向上移动0.9单位）
        "moveY": -1
      }
    ]
    */
  },
  // 消耗品配置
  "consumes": {
    // 冷却剂配置
    "coolant": {
      // 每次使用0.25单位冷却剂
      "amount": 0.25,
      // 冷却剂为可选消耗品
      "optional": true
    }
  },
  // 射击配置
  "shoot": {
    "type": "ShootAlternate",  // 使用交替射击模式
    // 每次射击发射子弹数
    "shots": 2,
    // 多发射击时的发射间隔
    "shotDelay": 1,
    "spread":11
  },
  // 弹药类型配置
  "ammoTypes": {
    // 弹药配置
    "titanium": {
      // 装填时间乘数为1（无影响）
      "reloadMultiplier": 1,
      // 子弹飞行速度
      "speed": 7,
      // 子弹伤害
      "damage": 15,
      // 击退效果
      "knockback": 0.1,
      // 子弹存在时间
      "lifetime": 50,
      // 子弹碰撞箱宽度
      "width": 15,
      // 子弹碰撞箱高度
      "height": 25,
      // 单次装填获得的弹药量
      "ammoMultiplier": 3,
      // 射击使用的特效
      "shootEffect": "shootBig"
 }
    },
  // 建造所需材料
  "requirements": [
        {"item": "copper", "amount": 50},
        {"item": "lead", "amount": 30},
        {"item": "titanium", "amount": 20}
  ],
  // 在建造菜单中的分类
  "category": "turret",
  "alwaysUnlocked": true,
  // 前置研究
  "research": {
    "parent": "Acore",
    /*"requirements": [
        {"item": "copper", "amount": 500},
        {"item": "lead", "amount": 300},
        {"item": "titanium", "amount": 200}
    ]*/
}
}