{
   "type": "Drill",            // 建筑类型 
   "name": "LaserDrill",           // 名称
   "description": "Made with mysterious technology",     // 简短描述
   "details": "", // 详细描述
   "size": 2, 
  "squareSprite": false,
   "health": 100,            // 生命值
   "itemCapacity": 15,       // 物品容量
   "liquidCapacity": 10,      // 液体容量
   "researchCostMultiplier": 1, // 研究成本倍率
   "tier": 7,                   // 开采等级
   "drillTime": 50,            // 钻取时间(帧/单位)
   "rotateSpeed": 10,         // 旋转速度
   "liquidBoostIntensity": 2, // 液体增强强度
   "consumes": {            // 消耗资源
      "liquid": {              // 液体消耗
         "liquid": "water",     // 液体类型
         "amount": 0.1,       // 消耗量
         "optional": true,     // 可选消耗
         "booster": true      // 加速效果
      }
   },
   "requirements": [         // 建造需求
      { "item": "copper", "amount": 30 } 
   ],
   "category": "production",  // 建筑分类 
   "research": "Acore"      // 前置研究 
   "alwaysUnlocked": true, // 不需要解锁：关
}