{
	// 方块类型：泛型合成器
	"type": "GenericCrafter",
	// 方块生命值
	"health": 240,
	// 方块显示名称改为exchanget
	"name": "exchangetw",
	// 每次生产输出：1个铀（新配方）
	"outputItem": "uranium/1",
	// 物品容量：30个
	"itemCapacity": 30,
	// 尺寸2x2
	"size": 2,
	// 需要电力
	"hasPower": true,
	// 不处理液体
	"hasLiquids": false,
	// 处理物品
	"hasItems": true,
	// 合成时间：45刻（2.25秒）- 铀转换需要稍长时间
	"craftTime": 45,
	// 合成时的持续视觉效果：无
	"updateEffect": "none",
	// 合成完成时的视觉效果：冶炼烟雾
	"craftEffect": "smeltsmoke",

	// 绘制器配置
	"drawer": {
		"type": "DrawMulti",
		"drawers": [
			"DrawDefault",
			{
				"type": "DrawFlame",
				"flameRadius": 0,
				"flameRadiusIn": 0,
				"flameRadiusMag": 0,
				"flameRadiusInMag": 0
			}
		]
	},

	// 消耗配置
	"consumes": {
		// 每秒耗电：1.2（铀转换需要更多电力）
		"power": 1.2,
		// 每次合成消耗2个msilicon
		"items": [
			"msilicon/2"
		]
	},

	// 建造需求：只使用基础资源（无合成材料）
	"requirements": [
		"copper/50",     // 铜 - 基础矿物
		"lead/40",       // 铅 - 基础矿物
		"titanium/30"    // 钛 - 基础资源
	],

	// 合成类建筑
	"category": "crafting",
	// 环境音效：冶炼厂循环音
	"ambientSound": "loopSmelter",
	// 前置研究：Acore
	"research": "exchangeon"
}