{
//    "type": "CoreBlock",
    "squareSprite": false,
    "name": "Acore", // 名字
    "description": "神秘科技", // 介绍
    "itemCapacity": 3000, // 物品容量
    "armor": 3, // 防御
    "hasItems": true, // 没用
    "health": 2000, // 血
    "unitCapModifier": 20, // 单位上限
    "size": 2, // 大小
    "absorbLasers":true,//吸收激光（塑钢墙同款）
    "chanceDeflect":70,//反弹概率（1=1%）
    "lightningChance":0.9//放电概率（1=100%）
    "lightningDamage":50//闪电伤害
    "lightningLength":7//闪电长度（1=?格）
    "breakable": true,
    "requirements": [ // 造价，注意每个元素需要用逗号分隔
        { "item": "copper", "amount": 1000 }, // 铜
    ],
    "unitType": "dt", // 核心机名字
    "category": "effect",
    "buildVisibility": "editorOnly", // 仅编辑器可见
    "alwaysUnlocked": true,
}
