{
  // 行星基本信息
  "localizedName": "ⳤ",  // 行星显示名称（游戏中显示的名称）
  "description": "血与火",  // 简短描述（在行星选择界面显示）
  "details": "这里有人生活过",  // 详细描述（点击后显示）
  "startsector": 175,  // 起始扇区编号（玩家首次进入的扇区）
  "alwaysUnlocked": true,  // 是否始终解锁（不需要前置条件）

  // 云层配置 - 行星大气视觉效果
  "cloudMesh": [
    {
      "type": "HexSkyMesh",  // 六边形天空网格（大气层类型）
      "speed": 0.15,  // 旋转速度（值越大旋转越快）
      "radius": 0.14,  // 半径（相对于行星半径，值越大离行星越远）
      "divisions": 5,  // 细分等级（控制网格密度，值越大越密集）
      "color": "D97D7D70",  // 颜色（ARGB格式：D9=红色，7D=绿色，7D=蓝色，70=透明度70/255≈44%）
      "octaves": 3,  // 噪声层数（控制云层细节，值越大细节越丰富）
      "persistence": 0.45,  // 持久度（控制噪声强度，值越大变化越剧烈）
      "scl": 1,  // 缩放因子（控制噪声频率，值越大云层越小）
      "thresh": 0.4  // 阈值（控制云层覆盖率，值越大云越少）
    },
    {
      "type": "HexSkyMesh",  // 第二个云层（通常用于增加层次感）
      "speed": 0.6,  // 旋转速度（比第一层快）
      "radius": 0.16,  // 半径（比第一层更远离行星）
      "divisions": 5,  // 细分等级（与第一层相同）
      "color": "A6A6A670",  // 颜色（灰色调，透明度44%）
      "octaves": 3,  // 噪声层数
      "persistence": 0.5,  // 持久度（略高于第一层）
      "scl": 1,  // 缩放因子
      "thresh": 0.38  // 阈值（略低于第一层，云更多）
    }
  ],

  // 地表层配置 - 行星表面视觉效果
  "mesh": [
    {
      "type": "NoiseMesh",  // 噪声网格（基于噪声生成的地形）
      "divisions": 5,  // 网格细分（控制地形网格密度）
      "radius": 0.985,  // 半径（相对于行星半径，0.98表示略微凸起）
      "seed": 12,  // 随机种子（控制噪声图案）
      "color1": "CC6666",  // 主颜色（红褐色）
      "color2": "E69191",  // 次颜色（浅红色）
      "octaves": 3,  // 噪声层数（控制地形细节）
      "persistence": 1  // 持久度（值=1表示保留所有噪声层）
    },
    {
      "type": "NoiseMesh",  // 第二层地表（叠加在第一层之上）
      "divisions": 5,  // 网格细分
      "radius": 0.99,  // 半径（比第一层更凸出）
      "seed": 14,  // 随机种子（与第一层不同）
      "color1": "6E6E6E",  // 主颜色（深灰色）
      "color2": "9C9C9C",  // 次颜色（浅灰色）
      "octaves": 3,  // 噪声层数
      "persistence": 1  // 持久度
    }
  ],

  // 轨道与扇区设置
  "orbitRadius": 75,  // 轨道半径（距离父天体的距离）
  "sectorSize": 3,  // 扇区大小（控制每个扇区的尺寸）
  "allowLaunchSchematics": true,  // 允许发射蓝图（是否可以从其他行星发送蓝图）
  "allowLaunchToNumbered": true,  // 允许发射到编号扇区
  "allowLaunchLoadout": true,  // 允许发射负载（资源、单位等）
  "allowSectorInvasion": true,  // 允许扇区入侵（敌人能否入侵该行星）
  "startSector": 175,  // 起始扇区（与startsector相同）
  "orbitSpacing": 2,  // 轨道间距（与相邻行星的间距）

  // 行星物理属性
  "radius": 1,  // 行星半径（基础大小）
  "minZoom": 1,  // 最小缩放级别（相机最近距离）
  "drawOrbit": true,  // 是否绘制轨道线
  "atmosphereRadIn": 0.02,  // 大气内半径（大气效果的起始位置）
  "atmosphereRadOut": 0.3,  // 大气外半径（大气效果的结束位置）

  // 游戏性设置
  "accessible": true,  // 是否可访问（玩家能否到达）
  "updateLighting": true,  // 更新光照（是否动态计算光照）
  "sectorSeed": 11451,  // 扇区生成种子（控制地形生成）
  "bloom": false,  // 是否启用泛光效果（发光效果）
  "visible": true,  // 是否可见（在星系地图中显示）

  // 视觉效果颜色
  "atmosphereColor": "D9DCFF",  // 大气颜色（ARGB：红色，不透明）
  "iconColor": "CC6666FF",  // 图标颜色（在星系地图中的颜色）

  // 功能开关
  "hasAtmosphere": true,  // 是否有大气（是否显示大气效果）
  "allowWaveSimulation": true,  // 允许波模拟（是否进行液体模拟）
  "clearSectorOnLose": true,  // 失败时清除扇区（失败后重置扇区）

  // 相机与时间设置
  "camRadius": 0.5,  // 相机半径（默认视角距离）
  "orbitTime": 14400,  // 公转周期（秒，绕父天体一周的时间）
  "rotateTime": 900,  // 自转周期（秒，绕自身轴旋转一周的时间）

  // 位置与归属
  "defaultCore": "Acore",  // 默认核心（起始建筑类型）
  "parent": "𝞓",  // 父天体（围绕哪个天体旋转）
  "solarSystem": "𝞓",  // 所属星系（在哪个星系中）

  // 地形生成器
  "generator": {
    "type": "SerpuloPlanetGenerator"  // 使用Serpulo行星生成器（标准地形生成算法）
  }
}

