{
  "bloom": true,                     // 启用光晕效果（恒星必须）
  "accessible": false,               // 玩家无法直接访问恒星
  "alwaysUnlocked": true,            // 始终在星图上可见
  "radius": 5,                      // 恒星半径
  "mesh": {
    "type": "SunMesh",               // 使用太阳专用网格
    "planet": "𝞓",                // 所属星系
    "divisions": 4,
    "octaves": 6,                    // 更多噪声八度数
    "persistence": 0.4,              // 噪声持久度（创造更动态的表面）
    "scl": 2.0,                      // 更大的噪声缩放
    "pow": 1.5,                      // 更高的噪声幂次（增强对比度）
    "mag": 1.2,                      // 更大的噪声幅度
    "colorScale": 1.3,               // 更高的颜色缩放
    "colors": [                      // 恒星颜色渐变（从内到外）
      "ffbb00",  // 亮黄色核心
      "ffaa00",  // 橙色中层
      "ff9900"   // 红色外层
    ]
  },
  "sectorSize": 3,
  "iconColor": "ffff00",             // 图标为亮黄色
  "rotateTime": 800,                 // 自转周期（恒星自转较慢）
  "solarSystem": "𝞓",              // 所属太阳系ID
  "visible": true,                   // 始终可见
  "type": "star",                    // 明确指定为恒星类型
  "luminosity": 1.0,                 // 发光强度（1.0为基准）
  "heat": 2.5,                       // 热力辐射值
  "lightColor": "ffffaa",            // 光照颜色（暖白色）
  "hasAtmosphere": true,             // 有大气效果（日冕等）
  "atmosphereColor": "ffaa55",       // 大气颜色
  "atmosphereRad": 3.0,              // 大气半径倍数
  "emissive": true,                  // 自发光
  "emissiveColor": "ffffff",          // 自发光颜色
  "children": [ "ⳤ" ]
}