{
   // 建筑类型：脉冲钻头，会间歇性爆发式产出
   "type": "BurstDrill",
   // 显示名称
   "name": "BLD",
   // 鼠标悬浮时的简短描述
   "description": "Made with mysterious technology",
   // 在描述界面显示的详细说明
   "details": "利用脉冲能量间歇性爆发式采掘，每次运作可产出大量矿石。",
   // 建筑占格：2x2
   "size": 2,
   // 是否使用方形精灵（false表示使用默认的方形带圆角样式）
   "squareSprite": false,
   // 建筑生命值
   "health": 240,
   // 矿石存储容量（Burst Drill需要更大缓存应对爆发产出）
   "itemCapacity": 25,
   // 液体存储容量
   "liquidCapacity": 15,
   // 研究成本倍率（1表示正常）
   "researchCostMultiplier": 1,
   // 可开采矿石的等级（7可开采钛等）
   "tier": 7,
   // 钻取时间：每产生一个单位矿石所需的帧数（数值越大越慢）
   "drillTime": 320,
   // 钻头旋转寻找矿石的速度
   "rotateSpeed": 8,
   // 液体加速效果强度（水/冷却液带来的提速倍率）
   "liquidBoostIntensity": 1.8,
   // 消耗配置
   "consumes": {
      // 液体消耗
      "liquid": {
         "liquid": "water",     // 消耗的液体类型：水
         "amount": 0.1,         // 每帧消耗量
         "optional": true,      // 是否可选（没有液体也能工作）
         "booster": true        // 是否为加速剂（消耗后提升速度）
      }
   },
   // 建造所需材料
   "requirements": [
      { "item": "copper", "amount": 50 },    // 铜
      { "item": "lead", "amount": 35 },       // 铅
   ],
   // 建筑分类：生产类
   "category": "production",
   // 前置科技：需要先研究Acore
   "research": "Acore",
   // 是否始终可用（false表示需要在科技树中解锁）
   "alwaysUnlocked": true
}