{
"type": "flying",
"name": "aegis",
"description": "次代侦察兵",
"outlineColor": "3B4145",
"speed": 4,
"drag": 0.05,
"accel": 0.06,
"rotateSpeed": 4,
"ammoCapacity": 20,
"hitSize": 30,
"flying": true,
"health": 400,
"armor": 7,
"engineOffset": 14,
"engineSize": 7,
"lowAltitude": true,
"research": "rugged",
"abilities": [//能力
        {
    "type":"ForceFieldAbility",//类型
    "radius": 40,//半径大小
    "regen": 0.7,//再生
    "max": 500,//力场血量上限 
    "cooldown": 30,//冷却时间
    "sides":4
    }
    {
    "type":"ForceFieldAbility",//类型
    "radius": 40,//半径大小
    "regen": 0.7,//再生
    "max": 500,//力场血量上限 
    "cooldown": 30,//冷却时间
    "sides": 4
    "rotation": 45
    }
    ],
"weapons": [
{
"name": "aegis-missile",
"reload": 15,
"x": 2.8,
"y": 5.2,
"rotate": true,
"velocityRnd": 0.1,
"rotateSpeed": 0,
"shootSound": "shootSmite",
"shoot": {
"type": "ShootAlternate",
"spread": 2
},
"bullet": {
"type": "ArtilleryBulletType",
"reloadMultiplier": 1,
"speed": 7,
"damage": 50,
"knockback": 1,
"lifetime": 80,
"width": 12,
"height": 28,
"ammoMultiplier": 3,
"splashDamageRadius": 100,
"splashDamage": 150,
"shootEffect": "shootBigColor",
"frontColor": "A0C8FF",
"backColor": "8BA8E6",
"hitEffect": "hitLaserColor",
"trailEffect": "colorTrail",
"trailColor": "A0C8FF",
"lightColor": "A0C8FF",
"lightRadius": 77,
"lightOpacity": 0.7,
"despawnEffect": {
"type": "MultiEffect",
"effects": [
"coreExplosion",
{
"type": "WrapEffect",
"effect": "scatheExplosion",
"color": "A0C8FF"
},
{
"type": "WrapEffect",
"effect": "dynamicSpikes",
"color": "A0C8FF"
},
{
"type": "WrapEffect",
"effect": "lightning",
"color": "A0C8FF"
}
]
}
}
}
]
}