{
    // 单位类型
    "type": "flying",
    // 单位名称
    "name": "rugged",
    // 单位描述
    "description": "初代侦察兵",
    "outlineColor": "3B4145",
    // 移动速度
    "speed": 4,
    // 移动阻力
    "drag": 0.05,
    // 加速度
    "accel": 0.06,
    // 旋转速度
    "rotateSpeed": 4,
    // 弹药容量：30
    "ammoCapacity": 20,
    // 碰撞体积
    "hitSize": 25,
    // 是否为飞行单位
    "flying": true,
    // 生命值
    "health": 300,
    // 护甲值
    "armor": 5,
    // 引擎偏移
    "engineOffset": 12,
    //引擎尺寸
    "engineSize": 5,
    // 低空飞行
    "lowAltitude": true,
    // 前置研究
    "research": "Acore",
    // 武器系统配置
    "weapons": [
        {
            // 武器名称
            "name": "gust-1",
            // 装弹时间
            "reload": 15,
            // 武器安装位置X坐标
            "x": 2.8,
            // 武器安装位置Y坐标
            "y": 5.2,
            // 是否随单位旋转
            "rotate": true,
            // 速度随机性
            "velocityRnd": 0.1,
            // 旋转速度
            "rotateSpeed": 0,
            // 射击音效
            "shootSound": "shootSmite",
            // 子弹类型定义
            	"shoot":{
		"type":"ShootAlternate"
		"spread":2
	},
"bullet": {
    "type": "LaserBulletType",
    "damage": 48,
    "length": 200,
    "width": 3,
    "colors": ["f9350f", "feb380", "ffffff"]
}
        }
    ],
}